조사연도,지역 구분,채소류 종류,품목,재배면적(시설)_ha,단수(시설)_kg,생산량(시설)_톤
2014,충청남도 청양군,조미채소계,고추,223457,39.4,396144
2013,충청남도 청양군,조미채소계,고추,210445,16.6,361293
2014,충청남도 아산시,조미채소계,고추,113180,2.3,10472
2013,충청남도 부여군,조미채소계,고추,108645,3.1,34010.292
2011,충청남도 청양군,조미채소계,고추,87264,64.2,194063
2014,충청남도 서천군,조미채소계,고추,82597,27.2,198712
2012,충청남도 청양군,조미채소계,고추,71655,8.8,21598
2014,충청남도 부여군,조미채소계,고추,63157,18.2,72350.12
2015,충청남도 보령시,조미채소계,고추,49811,38.4,36989
2010,충청남도 청양군,조미채소계,고추,47222,13.1,31258.9
2015,충청남도 홍성군,조미채소계,고추,43388,24.8,50276
2015,충청남도 청양군,조미채소계,고추,34564,21.1,25633
2013,충청남도 서산시,조미채소계,고추,34366,26.2,49684.926
2015,충청남도 천안시,조미채소계,고추,33951,4.3,19855
2014,충청남도 천안시,조미채소계,고추,33472,5.9,22485
2013,충청남도 천안시,조미채소계,고추,32941,7.9,21722
2015,충청남도 아산시,조미채소계,고추,32180,2.6,10772
2014,충청남도 홍성군,조미채소계,고추,31796,16.6,23170
2012,충청남도 태안군,조미채소계,고추,29581,19,33725
2013,충청남도 보령시,조미채소계,고추,26840,32.4,47057
2012,충청남도 부여군,조미채소계,고추,26525,0.9,6873.12
2014,충청남도 보령시,조미채소계,고추,26310,25.3,20554
2015,충청남도 서천군,조미채소계,고추,22436,41.9,46175
2014,충청남도 태안군,조미채소계,고추,22122,16.1,16552
2015,충청남도 예산군,조미채소계,고추,21547,9.3,18010
2015,충청남도 태안군,조미채소계,고추,21167.1,14.2,8638.9
2015,충청남도 논산시,조미채소계,고추,20846,20.2,20681
2013,충청남도 태안군,조미채소계,고추,20589,17.1,17253
2015,충청남도 서산시,조미채소계,고추,19890,20.8,16769.64
2015,충청남도 부여군,조미채소계,고추,17960,18.4,22530
2012,충청남도 당진시,조미채소계,고추,17445,6,8165
2011,충청남도 서천군,조미채소계,고추,15762,0,22
2012,충청남도 보령시,조미채소계,고추,15034,22.3,37010
2013,충청남도 홍성군,조미채소계,고추,14559,6,10730
2012,충청남도 홍성군,조미채소계,고추,14458,13.8,22850
2012,충청남도 논산시,조미채소계,고추,13700,5,16655
2014,충청남도 서산시,조미채소계,고추,13371,20.8,14598
2014,충청남도 논산시,조미채소계,고추,12590,2.5,4093
2013,충청남도 당진시,조미채소계,고추,12195,12.2,7358
2012,충청남도 서천군,조미채소계,고추,12002,11.5,17771.5
2010,충청남도 부여군,조미채소계,고추,11813,25.8,53130
2015,충청남도 당진시,조미채소계,고추,11488,49.1,36806
2014,충청남도 공주시,조미채소계,고추,11449,19.2,21975
2013,충청남도 논산시,조미채소계,고추,10633,26.4,26525
2011,충청남도 태안군,조미채소계,고추,10280,8.6,3695
2013,충청남도 서천군,조미채소계,고추,7083.892,13,10707.5
2010,충청남도 공주시,조미채소계,고추,7017,8.5,19884
2013,충청남도 예산군,조미채소계,고추,6257,2,4090
2014,충청남도 예산군,조미채소계,고추,6257,1.5,3150
2011,충청남도 보령시,조미채소계,고추,4954,1.8,1476
2014,충청남도 당진시,조미채소계,고추,4912,4.3,2217
2010,충청남도 당진시,조미채소계,고추,4371,8.6,12300
2015,충청남도 공주시,조미채소계,고추,4200,7.4,9800
2013,충청남도 공주시,조미채소계,고추,4100,7.1,9500
2013,충청남도 계룡시,조미채소계,고추,3370,7.5,8425
2010,충청남도 서산시,조미채소계,고추,2809,14.2,40000
2010,충청남도 금산군,조미채소계,고추,2709,5.9,5320
2011,충청남도 당진시,조미채소계,고추,2700,0.6,574
2012,충청남도 서산시,조미채소계,고추,2580,2.9,2480
2012,충청남도 천안시,조미채소계,고추,2319,8.1,6243
2012,충청남도 금산군,조미채소계,고추,2208,1.1,800
2012,충청남도 공주시,조미채소계,고추,1380,0.7,288
2011,충청남도 홍성군,조미채소계,고추,1000,0.2,150
2012,충청남도 예산군,조미채소계,고추,1000,0.3,250
2015,충청남도 예산군,조미채소계,대파,207180,10.3,541200
2013,충청남도 예산군,조미채소계,대파,207180,10.6,536000
2014,충청남도 예산군,조미채소계,대파,205180,5.6,526000
2010,충청남도 예산군,조미채소계,대파,89070,22.5,244891
2010,충청남도 부여군,조미채소계,대파,85700,5.1,226750
2012,충청남도 부여군,조미채소계,대파,83000,2.4,203300
2011,충청남도 예산군,조미채소계,대파,51926,16.5,97455
2012,충청남도 서산시,조미채소계,대파,35332,33.2,73990.2
2013,충청남도 서산시,조미채소계,대파,33496,27.4,65839.1
2012,충청남도 예산군,조미채소계,대파,25000,15.3,51869
2013,충청남도 아산시,조미채소계,대파,24591,15.6,54100
2014,충청남도 서산시,조미채소계,대파,21830,14.8,44534
2015,충청남도 공주시,조미채소계,대파,20700,14.5,60502
2010,충청남도 당진시,조미채소계,대파,19980,18.8,52050
2015,충청남도 아산시,조미채소계,대파,18000,11.6,51600
2014,충청남도 아산시,조미채소계,대파,18000,11.6,51600
2011,충청남도 서산시,조미채소계,대파,17877,24.9,39417
2010,충청남도 아산시,조미채소계,대파,15370,5.7,43000
2012,충청남도 아산시,조미채소계,대파,15343,5.7,42950
2011,충청남도 아산시,조미채소계,대파,15343,5.7,43000
2012,충청남도 논산시,조미채소계,대파,14700,9.6,16879
2013,충청남도 홍성군,조미채소계,대파,14239,10.6,31585
2015,충청남도 서산시,조미채소계,대파,13770,16.7,28287.16
2010,충청남도 서산시,조미채소계,대파,13118,27.4,32615
2012,충청남도 홍성군,조미채소계,대파,12314,9,30550
2014,충청남도 홍성군,조미채소계,대파,11239,17.8,23685
2011,충청남도 홍성군,조미채소계,대파,10655,5.4,28470
2015,충청남도 태안군,조미채소계,대파,10560,7.5,26550
2011,충청남도 금산군,조미채소계,대파,9217,3.2,2000
2011,충청남도 논산시,조미채소계,대파,8000,19,17670
2015,충청남도 홍성군,조미채소계,대파,5760,14,16128
2010,충청남도 태안군,조미채소계,대파,5680,40.3,38550
2014,충청남도 공주시,조미채소계,대파,5100,2.7,13975
2010,충청남도 논산시,조미채소계,대파,5000,11,13800
2010,충청남도 공주시,조미채소계,대파,4050,11.8,12420
2012,충청남도 공주시,조미채소계,대파,3300,9.2,10000
2015,충청남도 논산시,조미채소계,대파,3000,7.9,7875
2014,충청남도 논산시,조미채소계,대파,3000,7.9,7875
2012,충청남도 당진시,조미채소계,대파,3000,6.6,6600
2011,충청남도 당진시,조미채소계,대파,3000,8.1,8100
2011,충청남도 공주시,조미채소계,대파,3000,9.7,39720
2013,충청남도 논산시,조미채소계,대파,2700,10.7,7200
2015,충청남도 당진시,조미채소계,대파,2320,6.7,5200
2013,충청남도 당진시,조미채소계,대파,2320,6.6,5104
2014,충청남도 태안군,조미채소계,대파,1660,16.8,8900
2013,충청남도 태안군,조미채소계,대파,1660,19.2,10500
2012,충청남도 태안군,조미채소계,대파,1580,19,9900
2014,충청남도 서천군,조미채소계,대파,1290,19.1,5976
2011,충청남도 보령시,조미채소계,대파,1200,2.3,2800
2010,충청남도 보령시,조미채소계,대파,1200,2.7,3240
2011,충청남도 서천군,조미채소계,대파,1000,9,3000
2015,충청남도 서천군,조미채소계,대파,990,17.7,5841
2013,충청남도 서천군,조미채소계,대파,990,9.1,3000
2012,충청남도 서천군,조미채소계,대파,990,9.1,3000
2013,충청남도 부여군,조미채소계,대파,926,23.4,2274.4
2014,충청남도 부여군,조미채소계,대파,925,7.4,2276
2011,충청남도 태안군,조미채소계,대파,730,19.8,4800
2012,충청남도 금산군,조미채소계,대파,149,2.8,420
2015,충청남도 논산시,과채류계,딸기,2982132,112.1,8708573
2014,충청남도 논산시,과채류계,딸기,2954255,115,9135192
2011,충청남도 논산시,과채류계,딸기,2318541,133.2,7225866
2012,충청남도 논산시,과채류계,딸기,2265191,102.1,10061673
2010,충청남도 부여군,과채류계,딸기,1573116,54.1,4646854.04
2011,충청남도 홍성군,과채류계,딸기,1307308,24.7,4616293
2010,충청남도 홍성군,과채류계,딸기,1192708,17.7,3360677
2011,충청남도 부여군,과채류계,딸기,757000,6.1,2420300
2013,충청남도 논산시,과채류계,딸기,720455,105,2685421
2013,충청남도 홍성군,과채류계,딸기,317574,26.9,819100
2013,충청남도 부여군,과채류계,딸기,309069,150.6,1285280.116
2012,충청남도 부여군,과채류계,딸기,234278.9,3416.2,826660.3
2010,충청남도 논산시,과채류계,딸기,215437,131.9,675637
2014,충청남도 부여군,과채류계,딸기,172055.9,83.1,662530
2015,충청남도 부여군,과채류계,딸기,170534,93.8,672425
2012,충청남도 홍성군,과채류계,딸기,135286,27.2,264480
2013,충청남도 금산군,과채류계,딸기,133665,11.9,83665
2014,충청남도 금산군,과채류계,딸기,125085,2.9,57925
2015,충청남도 홍성군,과채류계,딸기,78392,63.6,235456
2013,충청남도 예산군,과채류계,딸기,72735,24.7,192200
2014,충청남도 홍성군,과채류계,딸기,65440,44.9,190508
2010,충청남도 당진시,과채류계,딸기,59443,44.2,268250
2011,충청남도 예산군,과채류계,딸기,58500,36.2,162424
2011,충청남도 금산군,과채류계,딸기,56111,7.7,60503.28
2012,충청남도 금산군,과채류계,딸기,52527,3.8,57333
2010,충청남도 예산군,과채류계,딸기,50196,28.2,141384
2010,충청남도 공주시,과채류계,딸기,46780,45.6,158100
2012,충청남도 당진시,과채류계,딸기,46084,47.4,155745
2015,충청남도 예산군,과채류계,딸기,42728,25.6,115800
2011,충청남도 당진시,과채류계,딸기,39000,58.7,175967
2015,충청남도 서산시,과채류계,딸기,38807,52.3,155120
2015,충청남도 당진시,과채류계,딸기,37261,38.2,72220
2010,충청남도 서산시,과채류계,딸기,36967,23.5,102176.1
2011,충청남도 공주시,과채류계,딸기,36095,38.5,126332.5
2014,충청남도 서산시,과채류계,딸기,35807,48.6,153870
2010,충청남도 금산군,과채류계,딸기,29371,26.3,62760
2014,충청남도 보령시,과채류계,딸기,28731,16.3,58457
2014,충청남도 예산군,과채류계,딸기,28518,25.1,78871
2012,충청남도 예산군,과채류계,딸기,27085,17,76954
2014,충청남도 계룡시,과채류계,딸기,26607,24,84427
2013,충청남도 당진시,과채류계,딸기,26349,45.7,78132
2015,충청남도 보령시,과채류계,딸기,25700,16.6,50540
2013,충청남도 서산시,과채류계,딸기,24630,26.9,58110.75
2013,충청남도 보령시,과채류계,딸기,22031,12.7,47307
2013,충청남도 계룡시,과채류계,딸기,21827,24,68186
2011,충청남도 서산시,과채류계,딸기,20130,27.3,55800
2012,충청남도 서산시,과채류계,딸기,20130,26.1,52660
2013,충청남도 천안시,과채류계,딸기,19282,13.6,54200
2010,충청남도 계룡시,과채류계,딸기,19019,25.7,52557
2010,충청남도 보령시,과채류계,딸기,18950,41.9,182087
2012,충청남도 계룡시,과채류계,딸기,18210,25.1,51050
2011,충청남도 보령시,과채류계,딸기,17990,12.3,39500
2014,충청남도 천안시,과채류계,딸기,17982,9,53900
2015,충청남도 계룡시,과채류계,딸기,16136,22.7,46002
2012,충청남도 보령시,과채류계,딸기,15300,8,22430
2011,충청남도 계룡시,과채류계,딸기,15176,25.6,43213
2011,충청남도 청양군,과채류계,딸기,13043,0.8,4800
2014,충청남도 공주시,과채류계,딸기,11538,9.4,24495
2012,충청남도 공주시,과채류계,딸기,10640,3.9,8019
2013,충청남도 공주시,과채류계,딸기,10538,11.3,39517.5
2015,충청남도 공주시,과채류계,딸기,10338,13.1,29422
2013,충청남도 청양군,과채류계,딸기,9501.5,2.2,3380
2010,충청남도 서천군,과채류계,딸기,9000,3,9000
2014,충청남도 당진시,과채류계,딸기,8500,16.2,31095
2013,충청남도 서천군,과채류계,딸기,8100,12.1,21300
2014,충청남도 청양군,과채류계,딸기,7001.6,53434.8,31200
2012,충청남도 청양군,과채류계,딸기,6987,0.8,2900
2015,충청남도 아산시,과채류계,딸기,6930,7.2,16632
2014,충청남도 아산시,과채류계,딸기,6930,7.2,16632
2013,충청남도 아산시,과채류계,딸기,6930,6.9,15939
2015,충청남도 천안시,과채류계,딸기,6602,8.2,18000
2010,충청남도 청양군,과채류계,딸기,5940,0.3,2000
2015,충청남도 청양군,과채류계,딸기,5029.6,53442.5,43700
2014,충청남도 서천군,과채류계,딸기,3900,14.2,6400
2011,충청남도 아산시,과채류계,딸기,3820,9.2,17800
2012,충청남도 아산시,과채류계,딸기,3820,8,15600
2011,충청남도 서천군,과채류계,딸기,3100,3.8,4000
2015,충청남도 서천군,과채류계,딸기,2900,12.1,5700
2012,충청남도 서천군,과채류계,딸기,2100,3.1,3300
2015,충청남도 금산군,과채류계,딸기,1830,5.9,3583
2010,충청남도 아산시,과채류계,딸기,1500,4.7,7000
2012,충청남도 부여군,과채류계,멜론,1359536,38.3,3373163.84
2010,충청남도 부여군,과채류계,멜론,1283351,27,1992662.56
2013,충청남도 부여군,과채류계,멜론,1000521,348,12871017.69
2014,충청남도 부여군,과채류계,멜론,716140,54.5,1772438
2013,충청남도 청양군,과채류계,멜론,463181,49,1424538
2014,충청남도 청양군,과채류계,멜론,461631,37.7,1411226
2014,충청남도 논산시,과채류계,멜론,210144,47.6,441313
2015,충청남도 논산시,과채류계,멜론,195353,59.1,426861
2012,충청남도 논산시,과채류계,멜론,187267,48.3,428204
2011,충청남도 부여군,과채류계,멜론,150000,2.9,431250
2012,충청남도 청양군,과채류계,멜론,117347,32.8,155082
2015,충청남도 부여군,과채류계,멜론,110889,83.5,322684
2013,충청남도 논산시,과채류계,멜론,99204,63.6,273017
2011,충청남도 논산시,과채류계,멜론,90400,54.3,192670
2011,충청남도 청양군,과채류계,멜론,84370,27.3,165390
2010,충청남도 공주시,과채류계,멜론,79959,65.7,255824
2015,충청남도 청양군,과채류계,멜론,75544.3,38.1,132274
2010,충청남도 논산시,과채류계,멜론,68210,46.5,150250
2015,충청남도 공주시,과채류계,멜론,64530,14,64755
2015,충청남도 천안시,과채류계,멜론,41780,20.4,125280
2013,충청남도 천안시,과채류계,멜론,39871,18.1,118000
2014,충청남도 천안시,과채류계,멜론,38371,20.6,111400
2010,충청남도 청양군,과채류계,멜론,34544,13.2,56100
2013,충청남도 공주시,과채류계,멜론,33263,22.2,82089
2014,충청남도 공주시,과채류계,멜론,27263,25.1,68429
2012,충청남도 천안시,과채류계,멜론,25094,13.8,59320
2011,충청남도 예산군,과채류계,멜론,24424,27.3,83342
2011,충청남도 공주시,과채류계,멜론,22294,41.8,71746.7
2015,충청남도 예산군,과채류계,멜론,18876,11.4,37447.515
2014,충청남도 예산군,과채류계,멜론,11933,11.4,13047.515
2012,충청남도 공주시,과채류계,멜론,11628,6.8,13112
2011,충청남도 천안시,과채류계,멜론,11414,8.8,27080
2010,충청남도 천안시,과채류계,멜론,11374,10.7,31830
2012,충청남도 예산군,과채류계,멜론,10932,11.4,12763.2
2013,충청남도 예산군,과채류계,멜론,10932,11.4,12763.08
2010,충청남도 예산군,과채류계,멜론,8424,14,29484
2012,충청남도 태안군,과채류계,멜론,4056,7.1,9600
2015,충청남도 서천군,과채류계,멜론,3000,9,9000
2013,충청남도 홍성군,과채류계,멜론,1000,2,2000
2010,충청남도 부여군,근채류계,봄무,118000,12.2,641000
2013,충청남도 예산군,근채류계,봄무,106594,54.1,391593
2014,충청남도 예산군,근채류계,봄무,104594,40,431326
2015,충청남도 예산군,근채류계,봄무,101594,19.8,410200
2012,충청남도 부여군,근채류계,봄무,97000,8.7,420700
2013,충청남도 부여군,근채류계,봄무,84524,30.3,365898
2011,충청남도 예산군,근채류계,봄무,76440,137.5,449766
2014,충청남도 부여군,근채류계,봄무,70992,17,293260
2010,충청남도 예산군,근채류계,봄무,55147,68.9,238560
2012,충청남도 아산시,근채류계,봄무,48692,31.7,212490
2013,충청남도 아산시,근채류계,봄무,46510,27.3,219988
2011,충청남도 아산시,근채류계,봄무,41624,32.7,215700
2012,충청남도 예산군,근채류계,봄무,40000,57.9,172247
2010,충청남도 아산시,근채류계,봄무,27045,26.6,139000
2012,충청남도 당진시,근채류계,봄무,26960,62.6,288860
2015,충청남도 당진시,근채류계,봄무,24960,15,75890
2013,충청남도 당진시,근채류계,봄무,24960,15.1,75988
2011,충청남도 서산시,근채류계,봄무,22411,63.8,101820
2013,충청남도 서산시,근채류계,봄무,20545,8.3,36727
2011,충청남도 당진시,근채류계,봄무,18860,29.2,68838
2015,충청남도 아산시,근채류계,봄무,18260,62.4,277284
2014,충청남도 아산시,근채류계,봄무,18260,62.4,277284
2015,충청남도 서산시,근채류계,봄무,16000,6.5,34000
2010,충청남도 서산시,근채류계,봄무,13699,13.8,33000
2012,충청남도 보령시,근채류계,봄무,13600,1.8,6000
2015,충청남도 태안군,근채류계,봄무,13200,11.6,51000
2014,충청남도 청양군,근채류계,봄무,11980,11.7,13200
2012,충청남도 서산시,근채류계,봄무,11348,23.9,25483
2015,충청남도 보령시,근채류계,봄무,11301,33.7,40102
2011,충청남도 서천군,근채류계,봄무,10293,102.5,94700
2015,충청남도 청양군,근채류계,봄무,10000,2.2,6900
2014,충청남도 당진시,근채류계,봄무,10000,8.4,28300
2013,충청남도 청양군,근채류계,봄무,10000,0,0
2012,충청남도 논산시,근채류계,봄무,9475,12.6,39100
2013,충청남도 서천군,근채류계,봄무,9200,31.3,70000
2010,충청남도 태안군,근채류계,봄무,8610,30.8,44350
2012,충청남도 서천군,근채류계,봄무,7200,28.3,68000
2014,충청남도 태안군,근채류계,봄무,6630,15,33600
2013,충청남도 태안군,근채류계,봄무,6630,15,33600
2012,충청남도 태안군,근채류계,봄무,6630,15,33600
2011,충청남도 태안군,근채류계,봄무,6630,15.5,34200
2011,충청남도 금산군,근채류계,봄무,5563,13.2,8220
2010,충청남도 당진시,근채류계,봄무,4780,23.5,18715
2014,충청남도 서천군,근채류계,봄무,4600,11.4,11260
2013,충청남도 홍성군,근채류계,봄무,4000,2,4000
2012,충청남도 금산군,근채류계,봄무,3919,12.3,6208.9
2015,충청남도 서천군,근채류계,봄무,3700,8.4,10360
2015,충청남도 부여군,근채류계,봄무,3521,4.3,15210
2014,충청남도 보령시,근채류계,봄무,3401,31.9,36192
2013,충청남도 보령시,근채류계,봄무,3401,32.4,36730.8
2015,충청남도 홍성군,근채류계,봄무,3000,7.3,7300
2015,충청남도 논산시,근채류계,봄무,3000,6.7,6705
2014,충청남도 서산시,근채류계,봄무,3000,0.7,1000
2014,충청남도 논산시,근채류계,봄무,3000,6.7,6690
2011,충청남도 공주시,근채류계,봄무,3000,10.2,15300
2010,충청남도 공주시,근채류계,봄무,3000,14.1,14100
2013,충청남도 논산시,근채류계,봄무,2976,6.5,6448
2014,충청남도 홍성군,근채류계,봄무,2500,9,7500
2012,충청남도 홍성군,근채류계,봄무,2000,2.8,5500
2011,충청남도 홍성군,근채류계,봄무,2000,4.5,8900
2011,충청남도 논산시,근채류계,봄무,1936,6.4,4056
2013,충청남도 홍성군,엽채류,봄배추,243280,15.2,1797630
2012,충청남도 홍성군,엽채류,봄배추,240000,10.9,1730000
2015,충청남도 예산군,엽채류,봄배추,192437,123.4,972226
2013,충청남도 예산군,엽채류,봄배추,180753,130.9,1032305.65
2014,충청남도 예산군,엽채류,봄배추,171227,126.1,863133
2011,충청남도 홍성군,엽채류,봄배추,159649,20.6,784000
2012,충청남도 부여군,엽채류,봄배추,114260,37.8,523308
2013,충청남도 부여군,엽채류,봄배추,113142,60.1,519431
2010,충청남도 홍성군,엽채류,봄배추,110000,5.7,621830
2011,충청남도 예산군,엽채류,봄배추,59923,117.5,348066
2010,충청남도 서산시,엽채류,봄배추,59500,20.5,265850
2013,충청남도 서산시,엽채류,봄배추,52267,96.8,320810
2010,충청남도 예산군,엽채류,봄배추,45923,75.2,214021
2012,충청남도 예산군,엽채류,봄배추,44053,115,245158
2011,충청남도 아산시,엽채류,봄배추,38935,62.3,154500
2012,충청남도 당진시,엽채류,봄배추,33000,89.9,313268
2011,충청남도 서산시,엽채류,봄배추,29317,75,208750
2012,충청남도 서산시,엽채류,봄배추,27154,48.8,121855
2011,충청남도 당진시,엽채류,봄배추,26600,51.2,136258
2012,충청남도 아산시,엽채류,봄배추,23185,58.7,140770
2012,충청남도 금산군,엽채류,봄배추,23123,20.2,130460
2010,충청남도 아산시,엽채류,봄배추,22851,59.6,137400
2013,충청남도 아산시,엽채류,봄배추,22796,34,130420
2015,충청남도 홍성군,엽채류,봄배추,21109,35.9,82024
2014,충청남도 부여군,엽채류,봄배추,20858,51.1,100874
2015,충청남도 청양군,엽채류,봄배추,20522,19.9,34892
2013,충청남도 논산시,엽채류,봄배추,20468,47.1,83076
2014,충청남도 청양군,엽채류,봄배추,20436,21.5,35613
2015,충청남도 논산시,엽채류,봄배추,20380,28.7,18047
2011,충청남도 공주시,엽채류,봄배추,19990,24.3,161919
2015,충청남도 서산시,엽채류,봄배추,19200,32.5,50900
2011,충청남도 논산시,엽채류,봄배추,19000,32.2,85000
2013,충청남도 청양군,엽채류,봄배추,15825,7.8,3220
2013,충청남도 당진시,엽채류,봄배추,15000,45.7,76300
2015,충청남도 아산시,엽채류,봄배추,14050,68.4,198085
2014,충청남도 아산시,엽채류,봄배추,14050,68.4,198085
2012,충청남도 논산시,엽채류,봄배추,13500,6,15602
2010,충청남도 당진시,엽채류,봄배추,12678,85.7,107900
2014,충청남도 금산군,엽채류,봄배추,12000,9,108000
2013,충청남도 금산군,엽채류,봄배추,12000,9,108000
2010,충청남도 금산군,엽채류,봄배추,11821,11.8,37000
2014,충청남도 홍성군,엽채류,봄배추,11080,19.2,24900
2014,충청남도 논산시,엽채류,봄배추,10893,57.7,40413
2011,충청남도 금산군,엽채류,봄배추,10583,16.6,25160
2012,충청남도 청양군,엽채류,봄배추,10496,10.2,66819
2014,충청남도 공주시,엽채류,봄배추,10261,1.1,11000
2014,충청남도 서산시,엽채류,봄배추,9662,43.3,63501
2015,충청남도 부여군,엽채류,봄배추,8848,20.6,33561
2010,충청남도 부여군,엽채류,봄배추,6795,22.5,40544.25
2013,충청남도 서천군,엽채류,봄배추,5300,49.7,26730
2011,충청남도 서천군,엽채류,봄배추,5031,41.7,20900
2012,충청남도 서천군,엽채류,봄배추,4100,28.4,16500
2014,충청남도 당진시,엽채류,봄배추,4000,15.3,20432
2015,충청남도 보령시,엽채류,봄배추,3872,22.3,28840
2014,충청남도 보령시,엽채류,봄배추,3872,22.3,28840
2012,충청남도 보령시,엽채류,봄배추,3712.63,3197.1,29840
2013,충청남도 보령시,엽채류,봄배추,3712,22.5,27840
2011,충청남도 보령시,엽채류,봄배추,3712,22.5,27840
2015,충청남도 서천군,엽채류,봄배추,3100,10.6,10974
2014,충청남도 서천군,엽채류,봄배추,3100,10.6,10974
2011,충청남도 부여군,엽채류,봄배추,3000,7,21000
2015,충청남도 태안군,엽채류,봄배추,2915,22.2,21000
2014,충청남도 태안군,엽채류,봄배추,2915,22.2,21000
2013,충청남도 태안군,엽채류,봄배추,2915,22.6,21800
2012,충청남도 태안군,엽채류,봄배추,2915,22.6,21800
2015,충청남도 금산군,엽채류,봄배추,1830,27,16470
2011,충청남도 태안군,엽채류,봄배추,1060,23.2,8200
2010,충청남도 태안군,엽채류,봄배추,1060,23.2,8200
2012,충청남도 공주시,엽채류,봄배추,1000,11.7,11667
2012,충청남도 서천군,엽채류,부추,35542,24.9,111750
2010,충청남도 공주시,엽채류,부추,23017,18.7,56790
2013,충청남도 서천군,엽채류,부추,21419,31.6,61120
2015,충청남도 논산시,엽채류,부추,20910,7.6,52500
2014,충청남도 논산시,엽채류,부추,19917,11.6,46198
2011,충청남도 서천군,엽채류,부추,19121,8.2,20130
2011,충청남도 서산시,엽채류,부추,18300,3.8,5650
2015,충청남도 당진시,엽채류,부추,17510,16,56026
2013,충청남도 당진시,엽채류,부추,17505,16,56012
2013,충청남도 서산시,엽채류,부추,17300,2.6,7600
2012,충청남도 서산시,엽채류,부추,17300,13.1,43650
2012,충청남도 당진시,엽채류,부추,16585,4.5,15009
2014,충청남도 서천군,엽채류,부추,16247,9.3,40600
2010,충청남도 당진시,엽채류,부추,15569,0.5,2400
2013,충청남도 논산시,엽채류,부추,15000,1.4,8500
2012,충청남도 논산시,엽채류,부추,15000,1.4,8500
2011,충청남도 천안시,엽채류,부추,13600,3.6,49000
2015,충청남도 서천군,엽채류,부추,12420,10,41500
2011,충청남도 논산시,엽채류,부추,12000,10.5,42870
2015,충청남도 서산시,엽채류,부추,10500,1.5,5250
2014,충청남도 서산시,엽채류,부추,10500,1.5,5250
2010,충청남도 논산시,엽채류,부추,9970,19.6,39140
2014,충청남도 천안시,엽채류,부추,7980,6.1,25500
2011,충청남도 태안군,엽채류,부추,7160,10.7,25500
2010,충청남도 태안군,엽채류,부추,7160,10.7,25500
2011,충청남도 공주시,엽채류,부추,6560,10.5,12903.97
2014,충청남도 공주시,엽채류,부추,6331,10.5,22157
2013,충청남도 공주시,엽채류,부추,6331,9.9,20893
2013,충청남도 태안군,엽채류,부추,5391,10.1,18700
2011,충청남도 아산시,엽채류,부추,5337,8.8,15880
2010,충청남도 아산시,엽채류,부추,5337,22.2,29280
2012,충청남도 태안군,엽채류,부추,5334,10.3,18600
2015,충청남도 아산시,엽채류,부추,5277,9,15830
2014,충청남도 아산시,엽채류,부추,5277,9,15830
2013,충청남도 아산시,엽채류,부추,5277,9,15830
2012,충청남도 아산시,엽채류,부추,5277,9,15890
2011,충청남도 당진시,엽채류,부추,4590,13.1,14960
2015,충청남도 홍성군,엽채류,부추,4000,2.6,3200
2014,충청남도 홍성군,엽채류,부추,4000,2.6,3200
2012,충청남도 홍성군,엽채류,부추,4000,7.5,10000
2011,충청남도 홍성군,엽채류,부추,4000,4.4,17780
2012,충청남도 천안시,엽채류,부추,3960,17.7,35000
2011,충청남도 부여군,엽채류,부추,3000,2.7,8000
2010,충청남도 부여군,엽채류,부추,3000,2.7,8000
2014,충청남도 태안군,엽채류,부추,2650,10.1,9350
2010,충청남도 홍성군,엽채류,부추,2600,1.2,3000
2015,충청남도 공주시,엽채류,부추,2475,11.5,9250
2012,충청남도 공주시,엽채류,부추,2475,11.5,9250
2013,충청남도 천안시,엽채류,부추,1980,2.7,5290
2015,충청남도 천안시,엽채류,부추,1880,7.7,4840
2015,충청남도 태안군,엽채류,부추,730,9.4,2200
2014,충청남도 부여군,엽채류,부추,700,8.6,6000
2013,충청남도 부여군,엽채류,부추,661.7,11.7,6000.6
2012,충청남도 부여군,엽채류,부추,661,9.1,6000
2011,충청남도 논산시,엽채류,상추,1985000,148.9,3974540
2012,충청남도 논산시,엽채류,상추,1207236,56,2263500
2015,충청남도 논산시,엽채류,상추,1101093.3,69.1,2211628
2014,충청남도 논산시,엽채류,상추,1100709,82.1,2186571
2013,충청남도 논산시,엽채류,상추,319165,116.2,627062
2010,충청남도 논산시,엽채류,상추,76176,65.1,154480
2015,충청남도 공주시,엽채류,상추,55385,6.7,102000
2014,충청남도 금산군,엽채류,상추,49785,4,162000
2013,충청남도 금산군,엽채류,상추,49785,4,162000
2011,충청남도 금산군,엽채류,상추,48838,15.4,161500
2012,충청남도 금산군,엽채류,상추,46601,21.2,174400
2010,충청남도 아산시,엽채류,상추,38363,17.9,100300
2011,충청남도 계룡시,엽채류,상추,36922,27.9,117106
2014,충청남도 계룡시,엽채류,상추,31085,26.8,98040
2012,충청남도 부여군,엽채류,상추,30000,9.6,87400
2010,충청남도 부여군,엽채류,상추,30000,13.7,93600
2015,충청남도 부여군,엽채류,상추,29953,28.3,81241
2012,충청남도 계룡시,엽채류,상추,29742,27.8,96910
2013,충청남도 계룡시,엽채류,상추,29143,26.9,92227
2013,충청남도 천안시,엽채류,상추,28780,37.3,201000
2010,충청남도 당진시,엽채류,상추,28768,44.7,65120
2012,충청남도 천안시,엽채류,상추,28148,43.7,217090
2014,충청남도 천안시,엽채류,상추,27887,15.3,59328
2015,충청남도 천안시,엽채류,상추,27458,11.1,52178
2010,충청남도 예산군,엽채류,상추,27000,14.3,55875
2010,충청남도 계룡시,엽채류,상추,26174,27.4,84614
2014,충청남도 부여군,엽채류,상추,24375,23.3,79630
2011,충청남도 예산군,엽채류,상추,24000,14.2,47100
2015,충청남도 계룡시,엽채류,상추,23250,30.9,77939
2010,충청남도 금산군,엽채류,상추,21690,24.8,76440
2011,충청남도 보령시,엽채류,상추,21601,13.3,25483.4
2014,충청남도 서산시,엽채류,상추,20000,21.7,75600
2013,충청남도 부여군,엽채류,상추,18002.2,2850007,6324600
2010,충청남도 공주시,엽채류,상추,17000,4.6,78500
2010,충청남도 천안시,엽채류,상추,15846,13.1,65000
2015,충청남도 서산시,엽채류,상추,15000,14.8,44200
2012,충청남도 아산시,엽채류,상추,14124,17.8,36330
2011,충청남도 아산시,엽채류,상추,14124,18.6,37980
2012,충청남도 서산시,엽채류,상추,14030,14,32350
2015,충청남도 당진시,엽채류,상추,13630,13.2,29986
2013,충청남도 당진시,엽채류,상추,13630,13.2,29986
2011,충청남도 공주시,엽채류,상추,13292,13.8,61143.2
2010,충청남도 보령시,엽채류,상추,12870,7.9,18000
2011,충청남도 부여군,엽채류,상추,12000,6.3,35000
2011,충청남도 서산시,엽채류,상추,11030,19.1,29000
2012,충청남도 예산군,엽채류,상추,10994,7.2,17700
2012,충청남도 보령시,엽채류,상추,10831,7.2,8813.4
2011,충청남도 당진시,엽채류,상추,10100,19.7,21180
2010,충청남도 서산시,엽채류,상추,9256,22.8,37232
2013,충청남도 공주시,엽채류,상추,8870,2.5,6610
2013,충청남도 청양군,엽채류,상추,8715,14.8,20903.55
2010,충청남도 홍성군,엽채류,상추,7640,5.7,17000
2012,충청남도 당진시,엽채류,상추,7400,8.8,13009
2015,충청남도 보령시,엽채류,상추,5300,1.3,2300
2014,충청남도 보령시,엽채류,상추,5300,1.3,2300
2013,충청남도 보령시,엽채류,상추,5000,1.3,2100
2011,충청남도 홍성군,엽채류,상추,5000,2.8,13800
2014,충청남도 홍성군,엽채류,상추,4999,10.7,13990
2012,충청남도 홍성군,엽채류,상추,4999,5.6,6890
2013,충청남도 서산시,엽채류,상추,4560,20.8,14350
2015,충청남도 홍성군,엽채류,상추,4000,10.5,13900
2015,충청남도 금산군,엽채류,상추,3761,28.3,22081
2014,충청남도 서천군,엽채류,상추,3750,23.5,9980
2015,충청남도 서천군,엽채류,상추,3700,21.4,10190
2015,충청남도 청양군,엽채류,상추,3640,8.3,5300
2014,충청남도 청양군,엽채류,상추,3640,8.3,5280
2011,충청남도 서천군,엽채류,상추,3561,18,8790
2013,충청남도 아산시,엽채류,상추,3303,8.3,6490
2013,충청남도 예산군,엽채류,상추,3000,0.5,450
2010,충청남도 서천군,엽채류,상추,3000,7.5,7500
2015,충청남도 아산시,엽채류,상추,2980,8.7,6400
2014,충청남도 아산시,엽채류,상추,2980,8.7,6400
2013,충청남도 태안군,엽채류,상추,2731,11.5,9700
2015,충청남도 태안군,엽채류,상추,2660,11.1,9500
2014,충청남도 태안군,엽채류,상추,2660,11.1,9500
2013,충청남도 서천군,엽채류,상추,2600,14.9,7800
2012,충청남도 서천군,엽채류,상추,2600,14.9,7800
2012,충청남도 태안군,엽채류,상추,2369,10.9,8100
2013,충청남도 홍성군,엽채류,상추,999,0.3,90
2012,충청남도 청양군,엽채류,상추,992,4,3968
2011,충청남도 태안군,엽채류,상추,400,9,1200
2010,충청남도 태안군,엽채류,상추,400,9,1200
2010,충청남도 부여군,과채류계,수박,17230914,143.6,82285658.98
2012,충청남도 부여군,과채류계,수박,14111424.2,12210.2,60798758.4
2013,충청남도 부여군,과채류계,수박,7044651.6,675.5,138750965.4
2011,충청남도 논산시,과채류계,수박,4577000,514.1,17821400
2011,충청남도 부여군,과채류계,수박,3397039,16.5,14314878
2012,충청남도 논산시,과채류계,수박,2112108,60.3,2727175
2013,충청남도 예산군,과채류계,수박,1341918,110.3,5499581.04
2015,충청남도 예산군,과채류계,수박,1316254,75.1,5985498.98
2014,충청남도 예산군,과채류계,수박,1240016,70.2,5110340.98
2013,충청남도 논산시,과채류계,수박,580173,202.4,3870402
2014,충청남도 논산시,과채류계,수박,363766,154.1,1425747
2015,충청남도 논산시,과채류계,수박,349979,118.2,1344998
2013,충청남도 청양군,과채류계,수박,286310,52.2,1168200
2011,충청남도 예산군,과채류계,수박,278873,138.3,1176068
2014,충청남도 청양군,과채류계,수박,268059,25.1,1107800
2010,충청남도 예산군,과채류계,수박,256903,106.6,1055107
2014,충청남도 부여군,과채류계,수박,246991,138.8,734853
2015,충청남도 부여군,과채류계,수박,208917,204.7,1108706.2
2011,충청남도 홍성군,과채류계,수박,170984,14.6,710880
2013,충청남도 홍성군,과채류계,수박,165000,13.4,707200
2010,충청남도 논산시,과채류계,수박,141163,143.8,549160
2012,충청남도 예산군,과채류계,수박,110448,171.9,568630.5
2012,충청남도 홍성군,과채류계,수박,104776,49.7,1527600
2015,충청남도 공주시,과채류계,수박,76468,48.3,267088
2010,충청남도 공주시,과채류계,수박,72301,76.3,274923
2013,충청남도 천안시,과채류계,수박,54739,23.7,225150
2014,충청남도 서천군,과채류계,수박,46400,31.9,204800
2011,충청남도 아산시,과채류계,수박,45578,34.2,156710
2015,충청남도 서천군,과채류계,수박,45400,25.9,202800
2010,충청남도 아산시,과채류계,수박,44788,37.5,163000
2014,충청남도 공주시,과채류계,수박,43112,51.5,238451
2013,충청남도 서산시,과채류계,수박,42789,69.1,202728
2014,충청남도 서산시,과채류계,수박,42789,66.3,193428
2012,충청남도 아산시,과채류계,수박,42728,29.8,143630
2012,충청남도 서산시,과채류계,수박,42689,49.6,149761
2013,충청남도 아산시,과채류계,수박,41277,27.5,108243.8
2011,충청남도 서천군,과채류계,수박,40794,68.4,193454
2015,충청남도 천안시,과채류계,수박,38954,12.5,166200
2011,충청남도 서산시,과채류계,수박,38069,81.2,206098
2012,충청남도 보령시,과채류계,수박,37500,15.1,90510
2011,충청남도 금산군,과채류계,수박,36470,38.3,155300
2011,충청남도 공주시,과채류계,수박,36060,41.8,137028
2015,충청남도 아산시,과채류계,수박,36046,58,663399
2014,충청남도 아산시,과채류계,수박,36046,58,663399
2015,충청남도 서산시,과채류계,수박,34880,50,150528
2012,충청남도 서천군,과채류계,수박,33606,50.9,137650
2012,충청남도 청양군,과채류계,수박,31856,35.1,113611
2010,충청남도 서천군,과채류계,수박,30000,13.3,133050
2012,충청남도 금산군,과채류계,수박,29870,26.3,118100
2010,충청남도 금산군,과채류계,수박,27194,26.5,116140
2013,충청남도 서천군,과채류계,수박,26171,51.5,109000
2010,충청남도 서산시,과채류계,수박,25960,31.6,95330
2013,충청남도 공주시,과채류계,수박,25480,42.5,181700
2012,충청남도 천안시,과채류계,수박,25094,22.7,89200
2010,충청남도 홍성군,과채류계,수박,23160,13.9,39600
2012,충청남도 공주시,과채류계,수박,22980,35.1,166853
2014,충청남도 천안시,과채류계,수박,21275,12.4,88018
2010,충청남도 청양군,과채류계,수박,19410,2.9,5186
2012,충청남도 당진시,과채류계,수박,19000,6.6,41800
2011,충청남도 청양군,과채류계,수박,18900,22.5,70800
2014,충청남도 금산군,과채류계,수박,15456,21.1,53224
2013,충청남도 금산군,과채류계,수박,15176,26.2,66550
2011,충청남도 당진시,과채류계,수박,14000,12.7,59080
2010,충청남도 보령시,과채류계,수박,13000,11.2,48700
2015,충청남도 홍성군,과채류계,수박,12723,37.4,53193
2015,충청남도 청양군,과채류계,수박,11631,28,58640
2015,충청남도 보령시,과채류계,수박,11335,23,41046
2014,충청남도 보령시,과채류계,수박,11335,23,41046
2014,충청남도 홍성군,과채류계,수박,11244,13.9,43191
2013,충청남도 보령시,과채류계,수박,10500,8.3,28880
2010,충청남도 당진시,과채류계,수박,8800,9.8,21280
2015,충청남도 금산군,과채류계,수박,8580,8.5,24100
2011,충청남도 천안시,과채류계,수박,7814,13.2,34410
2014,충청남도 당진시,과채류계,수박,4000,12.6,16800
2013,충청남도 당진시,과채류계,수박,4000,12.6,16800
2010,충청남도 천안시,과채류계,수박,3600,4.3,15400
2010,충청남도 부여군,엽채류,시금치,629182,14.1,1383151.574
2012,충청남도 부여군,엽채류,시금치,592754,15.8,1217681
2015,충청남도 예산군,엽채류,시금치,189501,21.4,386460
2013,충청남도 예산군,엽채류,시금치,185748,15.6,365100
2014,충청남도 예산군,엽채류,시금치,168880,8.6,336360
2010,충청남도 예산군,엽채류,시금치,84120,19.7,170338
2013,충청남도 부여군,엽채류,시금치,74169,26.2,151025
2014,충청남도 부여군,엽채류,시금치,73409,26.4,155742
2013,충청남도 논산시,엽채류,시금치,52000,9,112800
2015,충청남도 부여군,엽채류,시금치,45283,29.3,82769
2011,충청남도 예산군,엽채류,시금치,44780,31.3,120227
2010,충청남도 서천군,엽채류,시금치,30000,3,30000
2012,충청남도 논산시,엽채류,시금치,25300,7,43100
2012,충청남도 예산군,엽채류,시금치,25000,17.2,44350
2011,충청남도 부여군,엽채류,시금치,24000,1.8,43320
2015,충청남도 논산시,엽채류,시금치,20000,7.8,32225
2014,충청남도 논산시,엽채류,시금치,20000,5.7,30655
2012,충청남도 아산시,엽채류,시금치,19269,12.7,36390
2011,충청남도 아산시,엽채류,시금치,19269,13.1,37300
2010,충청남도 아산시,엽채류,시금치,18530,12.8,35700
2011,충청남도 논산시,엽채류,시금치,18300,11.7,32300
2010,충청남도 논산시,엽채류,시금치,16000,16.8,29940
2013,충청남도 당진시,엽채류,시금치,14320,16.3,25946
2013,충청남도 서산시,엽채류,시금치,10932,13,14519
2012,충청남도 서산시,엽채류,시금치,10932,13,14518
2011,충청남도 서산시,엽채류,시금치,10932,15.4,19600
2010,충청남도 홍성군,엽채류,시금치,10000,2.1,20700
2011,충청남도 홍성군,엽채류,시금치,8000,20.7,165206
2015,충청남도 당진시,엽채류,시금치,7320,14.5,13264
2015,충청남도 서산시,엽채류,시금치,6142,3.1,6399
2014,충청남도 서산시,엽채류,시금치,6142,3.1,6399
2015,충청남도 공주시,엽채류,시금치,4455,3.2,4800
2012,충청남도 공주시,엽채류,시금치,4455,3.6,5470
2013,충청남도 서천군,엽채류,시금치,3481.184,771.5,9300
2012,충청남도 보령시,엽채류,시금치,3314,6.7,7259.917
2011,충청남도 보령시,엽채류,시금치,3314,7.3,8019.8
2014,충청남도 천안시,엽채류,시금치,3300,1.4,4500
2014,충청남도 보령시,엽채류,시금치,3300,5.5,6072
2013,충청남도 보령시,엽채류,시금치,3300,5.5,6072
2015,충청남도 보령시,엽채류,시금치,3000,5.8,6072
2012,충청남도 당진시,엽채류,시금치,3000,3.6,5400
2010,충청남도 당진시,엽채류,시금치,3000,6.5,6480
2011,충청남도 당진시,엽채류,시금치,2830,5.4,5137
2012,충청남도 서천군,엽채류,시금치,2664,4.6,4300
2013,충청남도 태안군,엽채류,시금치,2259,6.1,4600
2012,충청남도 태안군,엽채류,시금치,2259,6.1,4600
2014,충청남도 공주시,엽채류,시금치,2179,1.8,4000
2014,충청남도 서천군,엽채류,시금치,2164,3.1,1570
2010,충청남도 서산시,엽채류,시금치,2142,6.4,4574
2011,충청남도 태안군,엽채류,시금치,2070,6.4,4400
2010,충청남도 태안군,엽채류,시금치,2070,6.4,4400
2010,충청남도 금산군,엽채류,시금치,2000,2.1,4100
2011,충청남도 공주시,엽채류,시금치,1750,1.8,3213
2015,충청남도 태안군,엽채류,시금치,1650,8.9,4600
2014,충청남도 태안군,엽채류,시금치,1650,8.9,4600
2013,충청남도 아산시,엽채류,시금치,1323,1.5,1990
2015,충청남도 아산시,엽채류,시금치,1000,1.9,1900
2014,충청남도 아산시,엽채류,시금치,1000,1.9,1900
2011,충청남도 서천군,엽채류,시금치,1000,3,3000
2014,충청남도 홍성군,엽채류,시금치,999,1.9,630
2013,충청남도 홍성군,엽채류,시금치,999,1.9,630
2012,충청남도 홍성군,엽채류,시금치,999,1.9,630
2010,충청남도 부여군,과채류계,오이,1100977,121.5,9809894
2013,충청남도 부여군,과채류계,오이,593324,851.8,66084557.4
2012,충청남도 부여군,과채류계,오이,571684,77,5633761
2013,충청남도 아산시,과채류계,오이,170977,163.6,1153323
2015,충청남도 천안시,과채류계,오이,169645,266.4,1782314
2012,충청남도 천안시,과채류계,오이,165502,407.3,2323328
2014,충청남도 천안시,과채류계,오이,162141,198.5,1178467
2013,충청남도 천안시,과채류계,오이,161481,375.5,1969177
2014,충청남도 논산시,과채류계,오이,145651,153.6,1179091
2015,충청남도 논산시,과채류계,오이,143010,125.4,1189734
2010,충청남도 천안시,과채류계,오이,142266,292,1570252
2011,충청남도 천안시,과채류계,오이,120000,335.1,1512993
2013,충청남도 논산시,과채류계,오이,115155,120.8,849415
2012,충청남도 논산시,과채류계,오이,111397,71.7,813769
2011,충청남도 부여군,과채류계,오이,109560,22.2,930033
2010,충청남도 아산시,과채류계,오이,88214,236.1,829700
2014,충청남도 부여군,과채류계,오이,88197,209.2,568524
2011,충청남도 논산시,과채류계,오이,85447,192.3,709890
2012,충청남도 서산시,과채류계,오이,82606,116.1,566401.5
2011,충청남도 홍성군,과채류계,오이,79609,24.3,918175
2011,충청남도 서산시,과채류계,오이,79064,178.1,656800
2015,충청남도 부여군,과채류계,오이,77793,144.3,409624.5
2012,충청남도 아산시,과채류계,오이,77625,211,823607
2011,충청남도 예산군,과채류계,오이,71656,115.9,474927
2010,충청남도 서산시,과채류계,오이,68341,186.4,616783.8
2011,충청남도 아산시,과채류계,오이,67103,176.8,696794
2010,충청남도 공주시,과채류계,오이,65958,176.1,638500
2014,충청남도 아산시,과채류계,오이,62254,189,765463
2015,충청남도 아산시,과채류계,오이,59616.64,5063.5,702433
2010,충청남도 논산시,과채류계,오이,58040,193.7,488010
2015,충청남도 예산군,과채류계,오이,47819,88.8,300900
2010,충청남도 홍성군,과채류계,오이,42609,17.8,588000
2013,충청남도 서산시,과채류계,오이,40450,102.2,268350
2012,충청남도 서천군,과채류계,오이,39456,93.8,200280
2010,충청남도 예산군,과채류계,오이,38806,99.3,338497
2014,충청남도 공주시,과채류계,오이,32921,82.7,305664
2015,충청남도 서산시,과채류계,오이,32309,45.1,106503
2012,충청남도 예산군,과채류계,오이,31700,114.8,256442
2013,충청남도 예산군,과채류계,오이,30632,96.1,225775
2014,충청남도 예산군,과채류계,오이,30132,82.8,214650
2011,충청남도 서천군,과채류계,오이,28536,91.5,145700
2014,충청남도 서산시,과채류계,오이,27854,73.8,135748
2015,충청남도 서천군,과채류계,오이,23972,65.3,143500
2014,충청남도 서천군,과채류계,오이,23488,74.1,140450
2013,충청남도 서천군,과채류계,오이,21621.944,76.8,109445
2011,충청남도 공주시,과채류계,오이,16475,125.5,159207
2015,충청남도 홍성군,과채류계,오이,16421,13.8,34243
2013,충청남도 공주시,과채류계,오이,14438,53,109420
2014,충청남도 홍성군,과채류계,오이,14345,37.5,83300
2015,충청남도 공주시,과채류계,오이,13858,50.3,118800
2012,충청남도 공주시,과채류계,오이,13037,16.4,39700
2011,충청남도 당진시,과채류계,오이,11250,63.7,71662
2015,충청남도 보령시,과채류계,오이,10240,16,81920
2013,충청남도 홍성군,과채류계,오이,9930,49.5,110500
2012,충청남도 홍성군,과채류계,오이,9930,48.3,107500
2012,충청남도 당진시,과채류계,오이,9798,47.9,52102
2013,충청남도 당진시,과채류계,오이,9685,45,48425
2014,충청남도 보령시,과채류계,오이,9240,8,73920
2013,충청남도 보령시,과채류계,오이,9240,8,73920
2011,충청남도 보령시,과채류계,오이,9200,7.3,67000
2010,충청남도 보령시,과채류계,오이,9200,7.2,66240
2010,충청남도 금산군,과채류계,오이,8806,29.9,87776
2012,충청남도 금산군,과채류계,오이,8542,30.2,86259
2011,충청남도 금산군,과채류계,오이,8542,29.9,85153
2014,충청남도 금산군,과채류계,오이,7524,34.1,85500
2013,충청남도 금산군,과채류계,오이,7524,34.1,85500
2015,충청남도 금산군,과채류계,오이,7227,36.9,90000
2010,충청남도 당진시,과채류계,오이,7211.25,75044.6,45940
2015,충청남도 당진시,과채류계,오이,6690,30,33450
2014,충청남도 청양군,과채류계,오이,5940,6.1,12000
2013,충청남도 청양군,과채류계,오이,5940,6.1,12000
2012,충청남도 청양군,과채류계,오이,4348,6,8696
2014,충청남도 당진시,과채류계,오이,4063,8.3,13900
2010,충청남도 서천군,과채류계,오이,4000,26.4,34915
2014,충청남도 태안군,과채류계,오이,1995,26.6,11090
2013,충청남도 태안군,과채류계,오이,1500,21.6,10600
2015,충청남도 태안군,과채류계,오이,1500,20,10000
2011,충청남도 태안군,과채류계,오이,1100,21,7700
2010,충청남도 태안군,과채류계,오이,1100,21,7700
2012,충청남도 태안군,과채류계,오이,1100,20.9,7600
2015,충청남도 계룡시,과채류계,오이,638,9.2,5900
2014,충청남도 계룡시,과채류계,오이,638,9.2,5900
2013,충청남도 계룡시,과채류계,오이,638,9.2,5900
2012,충청남도 계룡시,과채류계,오이,638,9.2,5900
2011,충청남도 계룡시,과채류계,오이,638,9.2,5857
2010,충청남도 계룡시,과채류계,오이,638,7.7,4912
2013,충청남도 당진시,근채류계,우엉,19000,5.7,36100
2012,충청남도 당진시,근채류계,우엉,19000,5.7,36005
2015,충청남도 아산시,조미채소계,쪽파,329600,7.2,875500
2014,충청남도 아산시,조미채소계,쪽파,329000,2.7,874600
2013,충청남도 예산군,조미채소계,쪽파,245729,50.5,447905.56
2014,충청남도 예산군,조미채소계,쪽파,219382,52.5,542441.9
2015,충청남도 예산군,조미채소계,쪽파,175375,44.8,453000.9
2010,충청남도 예산군,조미채소계,쪽파,146143,49.7,365363
2011,충청남도 예산군,조미채소계,쪽파,99461,46.2,254786
2012,충청남도 예산군,조미채소계,쪽파,65816,58.5,166122
2015,충청남도 서산시,조미채소계,쪽파,36940,20.8,70825
2013,충청남도 서산시,조미채소계,쪽파,34302,20.7,51932.7
2010,충청남도 부여군,조미채소계,쪽파,29930,4.5,74000
2014,충청남도 부여군,조미채소계,쪽파,25926,10.6,83281
2013,충청남도 부여군,조미채소계,쪽파,25925,9.8,63268
2014,충청남도 서산시,조미채소계,쪽파,24112,20.2,42540
2012,충청남도 부여군,조미채소계,쪽파,24000,2.5,58800
2013,충청남도 당진시,조미채소계,쪽파,23960,19.8,58967
2012,충청남도 서산시,조미채소계,쪽파,23512,23.9,44482.7
2012,충청남도 서천군,조미채소계,쪽파,22652,40.7,44650
2015,충청남도 당진시,조미채소계,쪽파,20960,12.4,51950
2010,충청남도 보령시,조미채소계,쪽파,19900,6.6,26420
2015,충청남도 서천군,조미채소계,쪽파,18827.6,89.1,66226
2010,충청남도 당진시,조미채소계,쪽파,18716,25.7,53341
2010,충청남도 아산시,조미채소계,쪽파,17184,19.9,42968
2012,충청남도 아산시,조미채소계,쪽파,15624,18.5,41590
2011,충청남도 서천군,조미채소계,쪽파,15253,23.2,16515
2011,충청남도 당진시,조미채소계,쪽파,14990,17.1,42722
2014,충청남도 서천군,조미채소계,쪽파,14914,75.2,52855
2013,충청남도 서천군,조미채소계,쪽파,13027.6,37.3,33095
2011,충청남도 아산시,조미채소계,쪽파,12984,16,34980
2011,충청남도 서산시,조미채소계,쪽파,10627,20.9,21792
2011,충청남도 보령시,조미채소계,쪽파,10300,4.3,14600
2013,충청남도 보령시,조미채소계,쪽파,10276,8.8,19846
2012,충청남도 논산시,조미채소계,쪽파,10000,1.2,12000
2011,충청남도 논산시,조미채소계,쪽파,10000,3.4,11000
2012,충청남도 보령시,조미채소계,쪽파,9100,6,18250
2012,충청남도 당진시,조미채소계,쪽파,9000,14.7,22043
2012,충청남도 홍성군,조미채소계,쪽파,8332,8.5,19622
2013,충청남도 홍성군,조미채소계,쪽파,8079,8.3,18800
2015,충청남도 태안군,조미채소계,쪽파,7920,3.9,10110
2011,충청남도 홍성군,조미채소계,쪽파,7333,7.6,19330
2010,충청남도 서산시,조미채소계,쪽파,7268,9.1,17395
2015,충청남도 보령시,조미채소계,쪽파,6876,8.8,13046
2014,충청남도 보령시,조미채소계,쪽파,6876,8.8,13046
2013,충청남도 천안시,조미채소계,쪽파,5000,2,10000
2010,충청남도 공주시,조미채소계,쪽파,4018,8.7,8500
2014,충청남도 홍성군,조미채소계,쪽파,3079,5.6,5100
2013,충청남도 태안군,조미채소계,쪽파,3000,7.5,7500
2012,충청남도 태안군,조미채소계,쪽파,3000,7.5,7500
2011,충청남도 태안군,조미채소계,쪽파,3000,7.8,7800
2010,충청남도 태안군,조미채소계,쪽파,3000,7.8,7800
2011,충청남도 공주시,조미채소계,쪽파,2908,4.2,6078
2011,충청남도 부여군,조미채소계,쪽파,2565,2.4,6281
2015,충청남도 홍성군,조미채소계,쪽파,2080,3,3120
2014,충청남도 태안군,조미채소계,쪽파,1800,7.3,4400
2012,충청남도 금산군,조미채소계,쪽파,1027,1.1,1100
2011,충청남도 금산군,조미채소계,쪽파,1027,1,1000
2012,충청남도 공주시,조미채소계,쪽파,660,1.5,1000
2013,충청남도 부여군,과채류계,토마토,3005752,89.4,15516771
2010,충청남도 부여군,과채류계,토마토,2530507,124.7,14688927
2012,충청남도 부여군,과채류계,토마토,2126400,59.8,11650881
2011,충청남도 부여군,과채류계,토마토,303910,22.4,1719517
2013,충청남도 논산시,과채류계,토마토,179572,134.9,890384
2011,충청남도 논산시,과채류계,토마토,175879,189.5,1075090
2010,충청남도 논산시,과채류계,토마토,169927,205.4,1061370
2014,충청남도 논산시,과채류계,토마토,159114,214,1103538
2015,충청남도 논산시,과채류계,토마토,150723,214.6,1062073
2015,충청남도 부여군,과채류계,토마토,146646,190.4,903746
2012,충청남도 논산시,과채류계,토마토,143931,81.2,605029
2014,충청남도 부여군,과채류계,토마토,135857,153.9,659709
2010,충청남도 공주시,과채류계,토마토,118401,111,522200
2014,충청남도 보령시,과채류계,토마토,110770,85.7,478343.4
2013,충청남도 예산군,과채류계,토마토,109485,99.2,304345
2013,충청남도 아산시,과채류계,토마토,95985,144.8,530150.8
2014,충청남도 아산시,과채류계,토마토,95330,156.5,630672.4
2012,충청남도 아산시,과채류계,토마토,91875,103.4,521238
2011,충청남도 아산시,과채류계,토마토,89828,88.1,386012
2015,충청남도 아산시,과채류계,토마토,88986,146.6,597803.4
2013,충청남도 보령시,과채류계,토마토,86360,111.5,587000
2012,충청남도 서천군,과채류계,토마토,85017,97.8,474070
2014,충청남도 청양군,과채류계,토마토,83970,83.4,615389.18
2012,충청남도 청양군,과채류계,토마토,83318,84,395429
2013,충청남도 청양군,과채류계,토마토,82472,75.2,620801
2012,충청남도 예산군,과채류계,토마토,81843,140.4,463971.6
2010,충청남도 아산시,과채류계,토마토,76972,117.7,477400
2011,충청남도 예산군,과채류계,토마토,76920,103.2,437977
2014,충청남도 서천군,과채류계,토마토,64315,119.1,390314
2011,충청남도 보령시,과채류계,토마토,62930,47.9,327000
2015,충청남도 서천군,과채류계,토마토,58545,95.9,322114
2012,충청남도 당진시,과채류계,토마토,55274,34.5,238267
2010,충청남도 서산시,과채류계,토마토,54573,105.1,423768
2011,충청남도 홍성군,과채류계,토마토,54297,28.9,337623
2010,충청남도 예산군,과채류계,토마토,53262,55.2,191277
2011,충청남도 당진시,과채류계,토마토,53150,50.7,307894
2015,충청남도 공주시,과채류계,토마토,52957.6,68.6,236600
2011,충청남도 서산시,과채류계,토마토,51990,41.6,267700
2015,충청남도 예산군,과채류계,토마토,50519,96.6,300400
2012,충청남도 서산시,과채류계,토마토,49878.09,62.8,261461.5
2011,충청남도 공주시,과채류계,토마토,49228,95.2,235196.5
2013,충청남도 서천군,과채류계,토마토,49187,112.4,384950
2011,충청남도 서천군,과채류계,토마토,48017,120.7,219700
2015,충청남도 보령시,과채류계,토마토,47467,68.4,226397
2013,충청남도 공주시,과채류계,토마토,47203,28.1,116433
2015,충청남도 홍성군,과채류계,토마토,46515,39,270094
2014,충청남도 공주시,과채류계,토마토,46059,60.9,151438
2010,충청남도 당진시,과채류계,토마토,44939,77.5,267840
2010,충청남도 보령시,과채류계,토마토,44620,35.2,263358
2013,충청남도 서산시,과채류계,토마토,44078,63.1,116448
2013,충청남도 당진시,과채류계,토마토,43355,40.7,212823
2013,충청남도 천안시,과채류계,토마토,41876,33.1,165000
2015,충청남도 청양군,과채류계,토마토,41710,82.3,259004.18
2014,충청남도 예산군,과채류계,토마토,39985,97.2,222678
2015,충청남도 천안시,과채류계,토마토,37025,33.9,149930
2012,충청남도 천안시,과채류계,토마토,34096,21.8,118000
2014,충청남도 천안시,과채류계,토마토,32696,32.7,118570
2012,충청남도 보령시,과채류계,토마토,32510,64,214420
2015,충청남도 서산시,과채류계,토마토,30010,13.8,36841.6
2011,충청남도 청양군,과채류계,토마토,29700,271.4,895600
2014,충청남도 당진시,과채류계,토마토,26400,34.1,900000
2010,충청남도 청양군,과채류계,토마토,26035,24.1,112635
2010,충청남도 홍성군,과채류계,토마토,25619,37.3,138000
2010,충청남도 서천군,과채류계,토마토,21000,21.9,82500
2010,충청남도 금산군,과채류계,토마토,20800,25.3,80000
2010,충청남도 천안시,과채류계,토마토,18672,73.1,146000
2010,충청남도 계룡시,과채류계,토마토,18400,16.3,98500
2014,충청남도 홍성군,과채류계,토마토,17938,2.8,7105
2013,충청남도 홍성군,과채류계,토마토,16295,21.6,47900
2012,충청남도 공주시,과채류계,토마토,15258,17,49449
2013,충청남도 계룡시,과채류계,토마토,14972.5,17.2,85919
2015,충청남도 계룡시,과채류계,토마토,14972.5,17.2,85910
2012,충청남도 계룡시,과채류계,토마토,14972.5,17.2,85900
2014,충청남도 계룡시,과채류계,토마토,14972.5,17.2,85887
2011,충청남도 금산군,과채류계,토마토,14600,7.7,52860
2012,충청남도 태안군,과채류계,토마토,13090,28.9,66000
2012,충청남도 홍성군,과채류계,토마토,12295,20.5,44500
2013,충청남도 태안군,과채류계,토마토,12100,15.3,61500
2012,충청남도 금산군,과채류계,토마토,11905,7.5,50800
2011,충청남도 계룡시,과채류계,토마토,11719,17.1,66990
2015,충청남도 당진시,과채류계,토마토,11375,24.6,46910
2014,충청남도 금산군,과채류계,토마토,8000,6.1,49000
2013,충청남도 금산군,과채류계,토마토,8000,6.1,49000
2014,충청남도 태안군,과채류계,토마토,7800,18.2,50000
2011,충청남도 천안시,과채류계,토마토,7227,15.7,56700
2014,충청남도 서산시,과채류계,토마토,5850,2,6032.96
2015,충청남도 금산군,과채류계,토마토,3500,18.4,21437
2015,충청남도 태안군,과채류계,토마토,1800,7.3,4400
2010,충청남도 태안군,과채류계,토마토,600,17.7,3570
2010,충청남도 부여군,과채류계,풋고추,608340,43.8,2152502
2011,충청남도 부여군,과채류계,풋고추,410310,11.4,1456681
2012,충청남도 부여군,과채류계,풋고추,204851,37.1,669862
2011,충청남도 홍성군,과채류계,풋고추,189916,13.4,785635
2012,충청남도 홍성군,과채류계,풋고추,115769,12.9,206200
2010,충청남도 홍성군,과채류계,풋고추,112830,0.7,73260
2011,충청남도 논산시,과채류계,풋고추,108000,65,251000
2012,충청남도 논산시,과채류계,풋고추,100622,21.5,192401.2
2013,충청남도 홍성군,과채류계,풋고추,99159,33.3,309540
2013,충청남도 부여군,과채류계,풋고추,94735,455.4,4603393
2015,충청남도 예산군,과채류계,풋고추,78745,47.3,292200
2013,충청남도 논산시,과채류계,풋고추,62793,21.3,131758.2
2014,충청남도 논산시,과채류계,풋고추,61532,35.6,120075
2010,충청남도 서산시,과채류계,풋고추,52369,38.7,201907
2011,충청남도 서천군,과채류계,풋고추,51876,105.7,460500
2015,충청남도 부여군,과채류계,풋고추,45231.6,64.8,140264
2015,충청남도 논산시,과채류계,풋고추,42570,29.8,93675
2010,충청남도 공주시,과채류계,풋고추,41540,42,69860
2015,충청남도 공주시,과채류계,풋고추,41072,31.7,142188
2010,충청남도 논산시,과채류계,풋고추,41061,46,93420
2014,충청남도 부여군,과채류계,풋고추,39658,47.5,83801
2012,충청남도 당진시,과채류계,풋고추,39632,97.5,120784
2012,충청남도 서천군,과채류계,풋고추,39624,60.6,114700
2013,충청남도 당진시,과채류계,풋고추,35282,106.1,100430.2
2010,충청남도 당진시,과채류계,풋고추,33366,94.9,105930
2011,충청남도 금산군,과채류계,풋고추,33149,29.7,85402
2013,충청남도 서천군,과채류계,풋고추,31563,54.6,69550
2013,충청남도 예산군,과채류계,풋고추,29162,36.2,68100
2012,충청남도 예산군,과채류계,풋고추,27660,41.5,74050
2014,충청남도 서천군,과채류계,풋고추,27277,33.5,87074.5
2011,충청남도 당진시,과채류계,풋고추,25720,88.5,78369
2015,충청남도 서천군,과채류계,풋고추,25297,27.5,79240
2011,충청남도 예산군,과채류계,풋고추,25000,39.5,70140
2014,충청남도 예산군,과채류계,풋고추,24621,39.7,70828
2013,충청남도 서산시,과채류계,풋고추,23545,28.2,32477
2012,충청남도 금산군,과채류계,풋고추,22689,16.5,39288
2015,충청남도 아산시,과채류계,풋고추,21570,4.5,58650
2014,충청남도 아산시,과채류계,풋고추,21387,4.6,58790
2012,충청남도 서산시,과채류계,풋고추,21139,24.1,56056
2015,충청남도 홍성군,과채류계,풋고추,20070,12.1,40300
2011,충청남도 공주시,과채류계,풋고추,19380,25.4,32790.9
2010,충청남도 예산군,과채류계,풋고추,17500,21.8,38370
2014,충청남도 공주시,과채류계,풋고추,17380,34.9,68652
2013,충청남도 공주시,과채류계,풋고추,16860,23.4,62600
2011,충청남도 서산시,과채류계,풋고추,16243,23.3,33727
2010,충청남도 금산군,과채류계,풋고추,15046,24.4,45697
2013,충청남도 금산군,과채류계,풋고추,14358,21,50273
2015,충청남도 당진시,과채류계,풋고추,10962,29.5,29420
2010,충청남도 청양군,과채류계,풋고추,10900,1.4,3550
2015,충청남도 서산시,과채류계,풋고추,10880,12.3,32467
2012,충청남도 공주시,과채류계,풋고추,10720,26.7,46507
2014,충청남도 당진시,과채류계,풋고추,10405,26.7,30750
2011,충청남도 청양군,과채류계,풋고추,9900,10.1,33400
2013,충청남도 아산시,과채류계,풋고추,9691,11.7,14470
2011,충청남도 보령시,과채류계,풋고추,9542,9.3,14788.2
2011,충청남도 아산시,과채류계,풋고추,9253,32.3,54930
2010,충청남도 아산시,과채류계,풋고추,9253,32.3,54930
2012,충청남도 아산시,과채류계,풋고추,9233,32.3,54860
2012,충청남도 보령시,과채류계,풋고추,8572,9,14593.2
2014,충청남도 보령시,과채류계,풋고추,8542,9,14551
2015,충청남도 천안시,과채류계,풋고추,7822,14.2,8720
2014,충청남도 천안시,과채류계,풋고추,7822,10.8,6851
2014,충청남도 금산군,과채류계,풋고추,7458,10.5,26123
2010,충청남도 태안군,과채류계,풋고추,7137,11.8,28200
2012,충청남도 계룡시,과채류계,풋고추,6945,22.9,18310
2015,충청남도 청양군,과채류계,풋고추,6280,13.9,32307.04
2014,충청남도 청양군,과채류계,풋고추,6280,11.2,23443.24
2012,충청남도 청양군,과채류계,풋고추,5740,0.9,1734
2014,충청남도 홍성군,과채류계,풋고추,5475,0.5,304
2013,충청남도 계룡시,과채류계,풋고추,5115,15.6,14163
2014,충청남도 계룡시,과채류계,풋고추,5115,15.6,14159
2011,충청남도 계룡시,과채류계,풋고추,5038,10.9,13690
2010,충청남도 서천군,과채류계,풋고추,4000,13.5,18000
2015,충청남도 계룡시,과채류계,풋고추,3716,8.9,11000
2015,충청남도 태안군,과채류계,풋고추,3345.5,10.4,5010.8
2013,충청남도 보령시,과채류계,풋고추,3330,1.6,1770
2015,충청남도 보령시,과채류계,풋고추,3300,1.7,1700
2014,충청남도 서산시,과채류계,풋고추,3279,0.7,738
2014,충청남도 태안군,과채류계,풋고추,2050,18.5,6200
2010,충청남도 계룡시,과채류계,풋고추,1819,8,4837
2013,충청남도 태안군,과채류계,풋고추,1321,8.6,3800
2012,충청남도 태안군,과채류계,풋고추,1090,8.6,3100
2013,충청남도 천안시,과채류계,풋고추,1000,2.6,2600
2010,충청남도 부여군,과채류계,호박,517070,40.1,2542520
2012,충청남도 부여군,과채류계,호박,214198,87.3,1775746
2013,충청남도 부여군,과채류계,호박,210308,56.2,954200
2014,충청남도 부여군,과채류계,호박,183118,46.9,834031
2011,충청남도 부여군,과채류계,호박,125430,13.2,607534
2013,충청남도 논산시,과채류계,호박,90473,111.8,570827
2015,충청남도 부여군,과채류계,호박,82352,70.5,363158
2014,충청남도 논산시,과채류계,호박,80282,36,216309
2011,충청남도 예산군,과채류계,호박,78706,75.2,328677
2012,충청남도 논산시,과채류계,호박,74000,25.9,233086
2013,충청남도 예산군,과채류계,호박,71991,26.6,160500
2011,충청남도 논산시,과채류계,호박,70445,42.4,164248
2015,충청남도 논산시,과채류계,호박,67722,36.1,196902
2015,충청남도 예산군,과채류계,호박,63813,40.6,204010
2015,충청남도 공주시,과채류계,호박,63194,59.7,156952
2014,충청남도 예산군,과채류계,호박,51991,26.6,154800
2010,충청남도 논산시,과채류계,호박,50486,40,117850
2011,충청남도 아산시,과채류계,호박,46205,30.5,235000
2013,충청남도 공주시,과채류계,호박,38500,33.5,124780
2012,충청남도 예산군,과채류계,호박,35813,32.9,69598
2014,충청남도 공주시,과채류계,호박,34431,37.1,86732
2010,충청남도 예산군,과채류계,호박,31516,29.7,84132
2010,충청남도 공주시,과채류계,호박,31231,67.7,150500
2013,충청남도 아산시,과채류계,호박,30774,28.1,141950
2015,충청남도 아산시,과채류계,호박,28905,19.3,143300
2014,충청남도 아산시,과채류계,호박,28905,19.3,143300
2012,충청남도 공주시,과채류계,호박,27878,28.1,102200
2012,충청남도 아산시,과채류계,호박,25669,37.7,132628
2014,충청남도 천안시,과채류계,호박,25150,12.4,48992.5
2011,충청남도 공주시,과채류계,호박,24313,48.4,117675.1
2015,충청남도 천안시,과채류계,호박,23035,9.9,37876
2012,충청남도 천안시,과채류계,호박,22620,34.4,146002
2013,충청남도 천안시,과채류계,호박,22458,21.3,94202
2010,충청남도 아산시,과채류계,호박,19869,14.2,92000
2014,충청남도 금산군,과채류계,호박,16866,21.3,65900
2013,충청남도 금산군,과채류계,호박,16866,21.3,65900
2011,충청남도 천안시,과채류계,호박,15858,11.3,59950
2010,충청남도 금산군,과채류계,호박,12768,9.7,41457
2012,충청남도 당진시,과채류계,호박,12220,1.2,4888
2013,충청남도 서산시,과채류계,호박,8760,7.9,17500
2012,충청남도 서산시,과채류계,호박,8760,5.2,14000
2014,충청남도 서산시,과채류계,호박,7851,17.7,24200
2015,충청남도 당진시,과채류계,호박,7000,1.2,2800
2013,충청남도 당진시,과채류계,호박,7000,1.2,2800
2010,충청남도 당진시,과채류계,호박,6557,5.7,13000
2011,충청남도 금산군,과채류계,호박,5889,9.7,19123
2012,충청남도 금산군,과채류계,호박,5879,9.8,19125
2015,충청남도 금산군,과채류계,호박,5548,22.9,42441
2010,충청남도 서산시,과채류계,호박,5286,2.8,5000
2014,충청남도 서천군,과채류계,호박,3345,22.4,18090
2015,충청남도 서산시,과채류계,호박,3000,7.2,7200
2013,충청남도 태안군,과채류계,호박,2990,15.2,15300
2012,충청남도 태안군,과채류계,호박,2990,15.2,15300
2015,충청남도 태안군,과채류계,호박,2900,14.1,14200
2014,충청남도 태안군,과채류계,호박,2900,14.1,14200
2011,충청남도 태안군,과채류계,호박,2320,15.7,12100
2010,충청남도 태안군,과채류계,호박,2320,15.7,12100
2011,충청남도 당진시,과채류계,호박,2300,10.8,8280
2013,충청남도 서천군,과채류계,호박,1050,13.4,4700
2012,충청남도 서천군,과채류계,호박,1050,13.4,4700
2014,충청남도 홍성군,과채류계,호박,999,2.7,900
2013,충청남도 홍성군,과채류계,호박,999,2.7,900
2012,충청남도 홍성군,과채류계,호박,999,2.7,900
2011,충청남도 서천군,과채류계,호박,993,54.7,18100
2012,충청남도 보령시,과채류계,호박,700,2.9,2000
